PubmedID,Title,Publication Date,Non-academic Author(s),Company Affiliation(s),Corresponding Author Email
40632978,Consistency and Heterogeneity of Microsatellite Instability (MSI) Status in Paired Biopsy and Surgical Specimens of Colorectal Cancer: A Necessity for MSI Reassessment After Treatment?,2025 Jul,Linghua Yan; Baoye Wei; Fei Liu,"Shanghai Tongshu Biotech Co Ltd, Shanghai, China.",
40632974,Transcriptomic Predictors of Survival for Palbociclib + Endocrine Therapy Versus Capecitabine in Aromatase Inhibitor-Resistant Breast Cancer From the GEICAM/2013-02 PEARL Trial.,2025 Jul,Yuan Liu,"Former Pfizer employee, La Jolla, CA.",
40632867,Single-cell spatial transcriptomics reveals immunotherapy-driven bone marrow niche remodeling in AML.,2025 Jul 11,Jason Reeves; Sean Kim; Arya Bahrami; Prajan Divakar,"NanoString Technologies Inc., Seattle, WA, USA.",
40632844,NLRP3 inflammasome-driven hemophagocytic lymphohistiocytosis occurs independent of IL-1β and IL-18 and is targetable by BET inhibitors.,2025 Jul 11,Rab K Prinjha,"Curve Therapeutics, Delta House, Enterprise Road, Southampton Science Park, Southampton SO16 7NS, UK.",
40632607,Ibrutinib added to standard conditioning and as maintenance therapy following autologous hematopoietic stem cell transplantation for relapsed or refractory activated-B-cell type Diffuse Large B-cell lymphoma: primary analysis of the US intergroup double-blind randomized phase III study Alliance A051301/BMT-CTN 1201.,2025 Jul 09,Olivia Bobek; Susan M Geyer,"Alliance Statistics and Data Management Center, Mayo Clinic, Rochester, MN, USA.",
40632016,The International Soft Tissue Sarcoma Consortium: The baseline analysis of rhabdomyosarcoma data.,2025 Jul 15,Johannes H M Merks,"Princess Máxima Center for Pediatric Oncology, Utrecht, The Netherlands.",
40631977,Going With the Flow: Circulating Tumor-Reactive Lymphocytes Stream Into Cancer Therapy.,2025 Jul 09,Rubén Alvarez-Rodríguez; Aleksandra Vuchkovska; Zongjie Wang; Cecile Chartier; Kristen Hege,"cTRL Therapeutics, Chicago, Illinois, United States.",
40631776,The prognostic impact of human epidermal growth factor receptor 2 status in metastatic colorectal cancer.,2025 Dec,Karen Bartley; Peter Martin; Cyndy Simon; Edward Neuberger,"Pfizer Inc, South San Francisco, CA, USA.; Pfizer Limited, Kent, UK.",
40631773,First-in-human phase I open-label study of the anti-TIM-3 monoclonal antibody INCAGN02390 in patients with select advanced or metastatic solid tumors.,2025 Jul 04,Paul E Hoyle; Zhiwan Dong; Lulu Cheng; Xiaohua Gong; John E Janik; Nawel Bourayou,"Incyte Corporation, Wilmington, DE 19803, USA.; Incyte Biosciences International Sàrl, 1110 Morges, Switzerland.",
